date,text
2020-08-16T08:42:01.000Z,We must pass The Great Filter
2020-10-09T20:00:00.000Z,“The future of cars can and will be electric if the entire industry starts making and marketing compelling EVs for everyone. And that’s a future consumers are getting a glimpse of today.” —CR's David Friedman (via @arstechnica) #CleanerCars
2020-10-08T14:36:14.000Z,"We put the 2020 @Tesla Model Y Long Range electric SUV on our test track to find out what it can do—and it turns out, well, quite a lot."
2020-10-07T22:47:59.000Z,"Starman, last seen leaving Earth, made its first close approach with Mars today—within 0.05 astronomical units, or under 5 million miles, of the Red Planet"
2020-10-06T12:33:30.000Z,Deployment of 60 Starlink satellites confirmed
2020-10-06T11:44:54.000Z,4th flight & landing for this booster
2020-10-06T11:24:42.000Z,5 minutes from launch. Looks good so far.
2020-10-05T23:42:20.000Z,Turn volume to 11 & play Powerglide in your Tesla
2020-10-05T23:22:49.000Z,"Music volume on a Tesla goes to 11, because it’s louder than 10"
2020-10-05T22:38:33.000Z,Rewatched Young Frankenstein this weekend. Still awesome. Ovaltine?
2020-10-05T22:21:07.000Z,"Hollywood should just start with the sequel & skip the original, because financials"
2020-10-04T14:23:38.000Z,New SpaceX droneship will be called “A Shortfall of Gravitas”
2020-10-04T14:05:42.000Z,"Nothing can escape gravity, not even black holes (and they really tried!)"
2020-10-04T00:12:06.000Z,"Call of Booty, great game"
2020-09-29T15:21:49.000Z,"Once this Dragon docks to the @space_station, there will be two Dragons docked simultaneously. Between crew and cargo missions, there will be at least one Dragon spacecraft attached to the @space_station for the entirety of 2021"
2020-09-29T16:52:58.000Z,"SpaceX training of astronauts that will fly on board Dragon’s first operational mission is complete! When the crew arrives for pre-launch preparations at the launch site, they will participate in a run-through of day-of-launch activities with the launch and pad operations teams"
2020-09-29T15:21:14.000Z,"After launch of Crew Dragon’s first operational mission with astronauts on board, SpaceX will launch its 21st cargo resupply mission to the ISS – the first to use the upgraded version of Dragon outfitted for cargo missions"
2020-09-29T00:00:24.000Z,"NEWS: We’re now targeting 2:40am ET Saturday, Oct. 31, for the launch of the @NASA and @SpaceX Crew-1 mission to send astronauts to the @Space_Station. Here is the latest #LaunchAmerica update: https://go.nasa.gov/30g1BaK"
2020-09-26T19:44:56.000Z,"Thanks Tesla Team for great work on deliveries! For new owners, we super appreciate accommodating us on delivery timing! Definitely one of our toughest quarters in global logistics."
2020-09-26T17:41:21.000Z,"First flight is to 15km or ~50,000 ft"
2020-09-26T17:38:09.000Z,Nosecone & front flaps next week. SN9 next month.
2020-09-26T17:36:31.000Z,Starship SN8 with rear body flaps
2020-09-25T21:25:41.000Z,"Falcon 9 will launch @NASA’s super cool Interstellar Mapping and Acceleration Probe (IMAP), which will help researchers better understand the boundary of the heliosphere, a magnetic barrier surrounding our solar system → https://nasa.gov/press-release/nasa-awards-launch-services-contract-for-imap-mission…"
2020-09-25T02:24:52.000Z,RVac and sea level Raptor with a human for scale
2020-09-24T16:57:39.000Z,Only thing beyond ludicrous is plaid
2020-09-23T00:28:04.000Z,"Cybertruck, ATV, Roadster & Semi
C A R S"
2020-09-22T16:00:15.000Z,We drove a Model S Long Range Plus for 422.7 miles in California and believe we could have made it to 430. @Tesla explained how they’re killing it on range: http://crdrv.co/jAayuTb
2020-09-22T05:56:48.000Z,"The extreme difficulty of scaling production of new technology is not well understood. It’s 1000% to 10,000% harder than making a few prototypes. The machine that makes the machine is vastly harder than the machine itself."
2020-09-21T21:00:46.000Z,"We intend to increase, not reduce battery cell purchases from Panasonic, LG & CATL (possibly other partners too). However, even with our cell suppliers going at maximum speed, we still foresee significant shortages in 2022 & beyond unless we also take action ourselves."
2020-09-21T20:56:52.000Z,"Important note about Tesla Battery Day unveil tomorrow. This affects long-term production, especially Semi, Cybertruck & Roadster, but what we announce will not reach serious high-volume production until 2022."
2020-09-19T17:19:33.000Z,"A prior track record of exceptional achievement in engineering *is* required, but *no* prior experience working on the brain or human physiology is required. We will teach you what’s known about the brain, which is not much tbh."
2020-09-19T17:08:00.000Z,"If you feel Neuralink might have incorrectly overlooked your resume or declined to  make an offer, please lmk in comment below"
2020-09-18T16:22:25.000Z,of course I still love you
2020-09-17T07:15:03.000Z,Speedrunning Factorio in real life …
2020-09-16T20:18:25.000Z,Fallout Shelter is on your Tesla. Tap the Entertainment button.
2020-09-16T19:39:43.000Z, Fallout Radio  
2020-09-16T19:19:13.000Z,Doubles as an underground nuclear shelter 
2020-09-15T21:13:39.000Z,Story of my life
2020-09-15T20:29:38.000Z,"Tunnels under cities with self-driving electric cars will feel like warp drive

First operational tunnel under Vegas almost done

The @BoringCompany"
2020-09-15T20:14:00.000Z,Have you hugged a tunnel today?
2020-09-12T17:40:23.000Z,"One way or another, excitement guaranteed! Support of greater Boca, Padre, Brownsville community is very much appreciated."
2020-09-12T17:37:36.000Z,"SN8 Starship with flaps & nosecone should be done in about a week. Then static fire, checkouts, static fire, fly to 60,000 ft & back."
2020-09-11T15:45:06.000Z,Many exciting things will be unveiled on Battery Day 9/22 
2020-09-10T21:49:27.000Z,"Tesla Giga Berlin Has Capacity for 40K Employees in 3 Shifts, Says Minster Steinbach

https://tesmanian.com/blogs/tesmanian-blog/meeting-in-grunneid-on-the-future-of-transportation-in-the-region…"
2020-09-15T20:29:38.000Z,"Tunnels under cities with self-driving electric cars will feel like warp drive

First operational tunnel under Vegas almost done

The @BoringCompany"
2020-09-15T20:14:00.000Z,Have you hugged a tunnel today?
2020-09-12T17:40:23.000Z,"One way or another, excitement guaranteed! Support of greater Boca, Padre, Brownsville community is very much appreciated."
2020-09-12T17:37:36.000Z,"SN8 Starship with flaps & nosecone should be done in about a week. Then static fire, checkouts, static fire, fly to 60,000 ft & back."
2020-09-11T15:45:06.000Z,Many exciting things will be unveiled on Battery Day 9/22 
2020-09-10T21:49:27.000Z,"Tesla Giga Berlin Has Capacity for 40K Employees in 3 Shifts, Says Minster Steinbach

https://tesmanian.com/blogs/tesmanian-blog/meeting-in-grunneid-on-the-future-of-transportation-in-the-region…"
2020-09-09T21:09:06.000Z,Tesla Model S & X have hospital-grade (HEPA) air filters. 3 & Y are really good too. This has a big effect on health.
2020-09-09T10:00:56.000Z,Tesla Energy ramps hiring at Giga New York for accelerated solar production
2020-09-09T14:57:46.000Z,Onboard camera view of Falcon 9’s SAOCOM 1B launch and first stage land landing
2020-09-07T22:46:50.000Z,"If you bombard Earth with enough photons, eventually it emits a Tesla (AK)"
2020-09-05T00:17:35.000Z,"The first Raptor Vacuum engine (RVac) for Starship has shipped from SpaceX’s rocket factory in Hawthorne, California to our development facility in McGregor, Texas"
2020-09-04T05:41:19.000Z,Model 3 rated as most reliable car
2020-09-04T05:02:34.000Z,Turns out you can make anything fly haha
2020-09-03T22:04:40.000Z,Great trip to Germany. Support from government & people is super appreciated!
2020-09-03T13:02:45.000Z,Deployment of 60 Starlink satellites confirmed
2020-09-03T12:46:56.000Z,Liftoff!
2020-08-31T16:27:57.000Z,Falcon 9 first stage lands at Landing Zone 1 to complete this booster’s fourth flight
2020-08-31T02:51:55.000Z,"After launching SAOCOM 1B and two rideshare payloads to orbit, Falcon 9’s first stage returns to Earth and lands at Landing Zone 1 — completing SpaceX’s first polar orbit mission from Florida"
2020-08-30T23:34:06.000Z,Deployment of SAOCOM 1B confirmed
2020-08-30T23:29:08.000Z,Falcon 9’s first stage has landed at Landing Zone 1
2020-08-30T23:20:08.000Z,Liftoff!
2020-08-30T22:07:02.000Z,Snout Boops
2020-08-30T16:00:31.000Z,Just learned that my physics prof from Penn is head of Fermilab & still has some of my old homework 
2020-08-29T01:02:05.000Z,Conceptual telepathy
2020-08-28T23:50:53.000Z,"If you ever fantasize about having been an 1880s engineer working in Edison’s lab, apply to work at @neuralink."
2020-08-28T22:32:20.000Z,Ahem … starting soon
2020-08-28T19:37:40.000Z,"“All of physics is either impossible or trivial. It is impossible until you understand it, and then it becomes trivial.” E Rutherford"
2020-08-28T19:05:17.000Z,Neuralink product demo in 3 hours. Webcast at http://neuralink.com.
2020-08-27T05:42:01.000Z,"The Big Bang started very, very smōl https://en.m.wikipedia.org/wiki/Big_Bang"
2020-08-27T04:37:06.000Z,Should we believe things proportionate to the evidence that they are true? (yes)
2020-08-27T03:39:50.000Z,Olde skoole analog synthesizer from ancient Britain
2020-08-26T05:39:46.000Z,Lengthy background on Neuralink by @waitbutwhy
2020-08-26T05:35:58.000Z,"Live webcast of working @Neuralink device
Friday 3pm Pacific"
2020-08-21T21:01:25.000Z,"Tesla Model 3 is “most satisfying” car across all ages, study reveals https://teslarati.com/tesla-model-3-consumer-reports-most-satisfying-car/…"
2020-08-21T15:27:45.000Z,A metaphor for life
2020-08-20T19:11:02.000Z,More fun games coming soon to ur Tesla
2020-08-20T19:09:35.000Z,http://Stankmemes.com strikes again!
2020-08-20T08:17:54.000Z,New Tesla feature coming that enables your car to play snake jazz or Polynesian elevator music through its outside speakers wherever you go
2020-08-20T05:11:06.000Z,GPT-3 sounds like Simon & Garfunkel lyrics
2020-08-20T02:38:56.000Z,Bureaucracy is inherently kafkaesque
2020-08-19T19:55:21.000Z,Medical check is A-ok!
2020-08-19T19:47:48.000Z,He might run for President in 2024
2020-08-19T06:01:47.000Z,Elevator music is underrated
2020-08-18T22:14:35.000Z,"Big updates in  

– Trans-Canada Supercharging  
– Model Y deliveries  
– Leasing for Model Y & Model 3 "
2020-08-18T22:17:46.000Z,"Aloha, welcome back from space "
2020-08-18T21:38:33.000Z,Fairing chute control & ship control are closing the loop locally. Both operating on (SpaceX) autopilot.
2020-08-18T21:36:31.000Z,Ms Tree catches fairing in her net
2020-08-18T14:40:56.000Z,Falcon 9’s first stage has landed on the Of Course I Still Love You droneship – first time a booster has completed six flights!
2020-08-17T23:00:50.000Z,Raptor engine just reached 330 bar chamber pressure without exploding!
2020-08-17T04:05:05.000Z,Cybertruck option package
2020-08-17T02:01:58.000Z,“Tanks 4 the memery” - panzer of the lake
2020-08-16T08:57:26.000Z,History is written by the victors … except on Wikipedia haha
2020-08-16T07:38:57.000Z,Sounds right
2020-08-16T00:18:31.000Z,A truly useful exaflop at de facto FP32
2020-08-15T22:11:49.000Z,Two Million Californians Go Dark and the Heat Is Just Beginning - it’s super hot and time to get tesla solar and a battery pack. Can’t rely on PGandE for power... $tsla ⁦@elonmusk⁩  https://bloomberg.com/news/articles/2020-08-15/california-calls-for-rolling-blackouts-for-first-time-since-2001…
2020-08-15T19:17:50.000Z,"Our main engineering locations are Palo Alto, Austin & Seattle, but working remotely is acceptable for exceptional candidates"
2020-08-14T22:40:49.000Z,Great mission patch design!
2020-08-14T20:33:15.000Z,Tesla is developing a NN training computer called Dojo to process truly vast amounts of video data. It’s a beast! Please consider joining our AI or computer/chip teams if this sounds interesting.
2020-08-14T18:20:09.000Z,"NEWS: @NASA & @SpaceX are targeting no earlier than Oct. 23 for Crew Dragon’s first operational mission to the @Space_Station with @Astro_illini, @VicGlover, Shannon Walker and @Astro_Soichi, pending certification following a successful Demo-2 test flight. https://blogs.nasa.gov/commercialcrew/2020/08/14/nasa-spacex-targeting-october-for-next-astronaut-launch/…"
2020-08-11T18:17:07.000Z,SN7 will be new alloy test tank taken to burst pressure. SN8 will have body flaps & nosecone.
2020-08-11T18:15:25.000Z,SN 5 & 6 at Starship Production Complex in Texas
2020-08-08T22:11:43.000Z,Spot the tiny humans!!! This shot really puts it into scale!!! A full blown Starship and SuperHeavy will be hard to fathom!!!!
2020-08-07T21:01:07.000Z,"Videos like this will always amaze me...

Astronomer Jan Koet captured this video in 2007 of Saturn appearing behind the Moon. Nothing like seeing the movement of planetary bodies through space to remind us that we're living in a Solar *System*

Source: http://bit.ly/3fCWTci"
2020-08-07T17:12:08.000Z,Good piece on Giga Berlin construction
2020-08-07T05:21:49.000Z,Falcon 9’s first stage has landed on the Of Course I Still Love You droneship
2020-08-06T00:58:38.000Z,Looking up in Model Y
2020-08-02T20:52:04.000Z,"LIVE: An update on today's @SpaceX Dragon Endeavour splashdown, returning @AstroBehnken & @Astro_Doug home to Earth. Hear from @JimBridenstine and experts about this milestone in human spaceflight: https://twitter.com/i/broadcasts/1YpJkNePyLEGj…"
2020-08-02T20:27:47.000Z,UPDATE: Post-SpaceX Crew Dragon DM-2 Splashdown News Conference no earlier than 4:45pm ET. Watch live: https://nasa.gov/nasalive
2020-08-02T20:27:25.000Z,Congratulations @SpaceX & @NASA on completing first crewed Dragon flight!!  returned.
2020-08-01T21:16:14.000Z,Webcast of Crew Dragon’s return to Earth from the @space_station with @AstroBehnken and @Astro_Doug → http://spacex.com/launches
2020-08-02T18:49:42.000Z,"Good splashdown of Dragon confirmed! Welcome back to Earth, @AstroBehnken and @Astro_Doug!"
2020-08-02T18:51:04.000Z,Dragon is stable in the water
2020-08-02T18:37:24.000Z,Acquisition of signal expected in 5 mins
2020-08-02T18:31:53.000Z,4 mins to Dragon loss of signal due to atmospheric entry plasma
2020-08-02T18:11:01.000Z,Dragon will travel from south of New Zealand to Florida in ~37 minutes
2020-08-02T17:19:04.000Z,Coming in hot
2020-08-02T16:55:30.000Z,Astronauts land in 2 hours @NASA @SpaceX
2020-08-02T15:51:40.000Z,"Crew Dragon’s flight back to Earth with @AstroBehnken and @Astro_Doug remains on track; targeting splashdown off the coast of Pensacola, Florida in the Gulf of Mexico at 2:48 p.m. EDT today http://spacex.com/launches"
2020-08-02T02:05:25.000Z,".@Astro_Doug & @AstroBehnken will spend one more night in space prior to returning to their homeland, Earth.

While asleep, a six-minute departure phasing burn at 1:48 a.m. ET, Aug. 2 will set the spacecraft on the orbital path to a planned splashdown off the coast of Pensacola."
2020-08-01T23:47:33.000Z,"The view from inside the @SpaceX Dragon Endeavour, as @AstroBehnken & @Astro_Doug monitor their departure from @Space_Station:"
2020-08-01T23:37:13.000Z,Separation confirmed. Dragon performing 4 departure burns to move away from the @Space_Station
2020-08-01T17:52:02.000Z,"Crew Dragon will depart the @Space_Station with @AstroBehnken and @Astro_Doug in about 6 hours and splash down off the coast of Florida in the Gulf of Mexico at 2:41 p.m. EDT on Sunday, August 2. Demo-2 return webcast begins today at ~5:15 p.m. EDT → http://spacex.com/launches"
2020-08-01T06:32:26.000Z,"Tesla Autopilot Accidents: 1 out of 4,530,000 Miles; US Average: 1 out of 479,000 Miles"
2020-08-01T06:47:18.000Z,"Engineering Graduates Rank Tesla & SpaceX As The Top 2 Favorite Employers

""Engineering is true magic"" by @elonmusk (Dec 2018)

https://tesmanian.com/blogs/tesmanian-blog/employer…"
2020-08-01T03:51:54.000Z,This BBC article provides a sensible summary for how it was done http://bbc.co.uk/history/ancient/egyptians/pyramid_builders_01.shtml…
2020-08-01T01:13:37.000Z,NEWS: Teams from @NASA and @SpaceX remain GO with plans to bring @Astro_Doug and @AstroBehnken home to Earth on Sunday afternoon. We will continue to monitor weather before undocking Saturday night. Read more: https://blogs.nasa.gov/commercialcrew/2020/07/31/nasas-spacex-demo-2-weather-remains-go-for-return-live-coverage-tomorrow/…
2020-07-31T23:36:22.000Z,"They're coming home! 

On Aug. 1, astronauts @AstroBehnken and @Astro_Doug will depart the @Space_Station on @SpaceX's Crew Dragon spacecraft after a more than 60-day stay in space. Take a look at this recap of their #LaunchAmerica mission: https://youtu.be/J3VuLKFnvlQ"
2020-07-31T14:54:07.000Z,"The Great Pyramid was the tallest structure made by humans for 3800 years. Three thousand, eight hundred years.  https://en.m.wikipedia.org/wiki/Great_Pyramid_of_Giza…"
2020-07-31T02:15:17.000Z,@NASA and @SpaceX remain GO with plans to bring @Astro_Doug and @AstroBehnken home to Earth this weekend. Teams will continue to monitor weather before undocking Saturday night. Read more: https://blogs.nasa.gov/commercialcrew/2020/07/30/nasa-and-spacex-remain-go-for-splashdown/…
2020-07-31T04:17:16.000Z,Ramses II was 
2020-07-31T04:14:32.000Z,Aliens built the pyramids obv
2020-07-30T20:05:05.000Z,Starship SN5 just completed full duration static fire. 150m hop soon.
2020-07-30T19:52:29.000Z,Total Eclipse of the Heart 
2020-07-30T08:54:55.000Z,But sometimes when we touch …
2020-07-30T08:19:44.000Z,Losing It
2020-07-30T07:53:58.000Z,"Sure could use a good rave
What’s your favorite techno"
2020-07-30T07:12:22.000Z,I … I just died in your arms tonight
2020-07-30T06:55:03.000Z,The rumor that Bill Gates & I are lovers is completely untrue
2020-07-27T18:32:18.000Z,The left is losing the middle
2020-07-27T17:05:14.000Z,Hold my beer
2020-07-27T04:50:26.000Z,"Pick up the energetic wallpapers, and charge your everyday adventure！"
2020-07-27T03:40:56.000Z,Almost a decade ago. Original Dragon in background.
2020-07-27T04:50:26.000Z,"Pick up the energetic wallpapers, and charge your everyday adventure！"
2020-07-27T03:40:56.000Z,Almost a decade ago. Original Dragon in background.
2020-07-27T02:41:32.000Z,Great song
2020-07-25T01:10:12.000Z,"NEW VIDEO - Why Tesla Model Y is Their Most Important Car! [Auto Focus Ep 5]

https://youtu.be/j52nXdQKFD0"
2020-07-25T21:40:42.000Z,Cool Model 3 review by @iamjamiefoxx
2020-07-25T03:42:29.000Z,Pronouns suck
2020-07-24T22:31:07.000Z,I bet no one on  Twitter even *has* a guillotine! Poseurs …
2020-07-24T16:21:01.000Z, Twitter sucks
2020-07-24T15:01:39.000Z,"These are jammed to gills with special interests earmarks. If we do a stimulus at all, it should just be direct payments to consumers."
2020-07-24T14:53:54.000Z,"Goal of government should be to maximize the happiness of the people. Giving each person money allows them to decide what meets their needs, rather than the blunt tool of legislation, which creates self-serving special interests."
2020-07-24T14:50:53.000Z,"As a reminder, I’m in *favor* of universal basic income"
2020-07-24T14:44:46.000Z,Another government stimulus package is not in the best interests of the people imo
2020-07-23T12:21:38.000Z,"While in orbit, astronauts @AstroBehnken and @Astro_Doug performed a habitability assessment of the @SpaceX Crew Dragon. This included:

 Opening and closing the hatch
 Operating the waste system
 Moving cargo back into the vehicle

: https://go.nasa.gov/2CxAJuB"
2020-07-23T07:59:54.000Z,Impressive Tianwen-1 Mars rover mission launched by China today https://space.com/amp/china-tianwen-1-mars-mission-launch.html?__twitter_impression=true…
2020-07-22T06:53:20.000Z,"You don’t have a soul, you are a soul"
2020-07-22T06:42:32.000Z,2 minutes later …
2020-07-22T06:10:48.000Z,Coming soon
2020-07-22T06:42:32.000Z,2 minutes later …
2020-07-22T06:10:48.000Z,Coming soon
2020-07-22T05:45:35.000Z,Where are the memes? Send in … the memes …
2020-07-22T05:40:32.000Z,Nothing has gaslit more people than the movie Gaslight
2020-07-21T17:46:31.000Z,Videos of yesterday’s catch of both fairing halves
2020-07-20T21:18:38.000Z,Watch Falcon 9 launch ANASIS-II → http://spacex.com/launches
2020-07-20T22:19:33.000Z,Both fairing halves caught from space by @SpaceX ships!
2020-07-20T21:39:14.000Z,Falcon 9’s first stage has landed on the Just Read the Instructions droneship
2020-07-20T21:11:56.000Z,Launch in 20 mins
2020-07-17T13:15:56.000Z,"Tesla's Model 3 received top marks from safety organizations in North America, Europe, and Australia"
2020-07-19T00:11:35.000Z,This would solve a lot of brain/spine injuries & is ultimately essential for AI symbiosis
2020-07-18T22:44:46.000Z,"Targeting Monday, July 20 for Falcon 9 launch of ANASIS-II from SLC-40"
2020-07-18T02:03:56.000Z,"Solving high-volume, high-reliability, low-cost production problems is especially valued"
2020-07-18T01:59:21.000Z,"If you’ve solved hard problems with phones / wearables (sealing, signal processing, inductive charging, power mgmt, etc), please consider working at engineering@neuralink.com"
2020-07-18T00:58:55.000Z,It’s inevitable
2020-07-18T00:52:19.000Z,Will those who write the algorithms ever realize their negativity bias?
2020-07-18T00:02:23.000Z,Thanks
2020-07-18T00:58:55.000Z,It’s inevitable
2020-07-18T00:52:19.000Z,Will those who write the algorithms ever realize their negativity bias?
2020-07-18T00:02:23.000Z,Thanks
2020-07-17T23:18:15.000Z,Just stop
2020-07-10T09:31:35.000Z,"Wow, IHOP & GitHub are close"
2020-07-10T09:26:26.000Z,Best use of the term “Full Stack”?
2020-07-10T04:25:45.000Z,AI symbiosis while u wait
2020-07-09T07:08:51.000Z,Progress update August 28
2020-07-09T07:01:44.000Z,"If you can’t beat em, join em
Neuralink mission statement"
2020-07-06T17:44:18.000Z,Falcon 9 lands on Just Read the Instructions after delivering GPS III Space Vehicle 03 to orbit for the @SpaceForceDoD
2020-07-05T20:33:10.000Z,Read The Story of Civilization by Will & Ariel Durant
2020-07-05T20:04:27.000Z,"Dang, we broke the website"
2020-07-05T20:02:44.000Z,Only $69.420!!
2020-07-05T20:01:08.000Z,Limited edition short shorts now available at
2020-07-05T02:08:32.000Z,"""Orbiting Earth in the spaceship, I saw how beautiful our planet is. People, let us preserve and increase this beauty, not destroy it!""

- Comrade Yuri"
2020-07-05T06:16:45.000Z,Beautiful fireworks in LA tonight
2020-07-05T03:18:16.000Z,"North American Supercharger usage is now at pre-covid high, Europe about a week behind, China & Asia-Pacific in general doing great"
2020-07-04T17:47:29.000Z,Please take a moment to report accounts clearly engaged in harassment. It is the only way to maintain public discourse.
2020-07-04T17:47:29.000Z,Please take a moment to report accounts clearly engaged in harassment. It is the only way to maintain public discourse.
2020-07-04T17:44:43.000Z, Happy 4th of July!! 
2020-07-04T04:46:58.000Z,"Tesla ( $TSLA ) Achieved Victory In Q2 2020 With 90,650 Deliveries

Amazing quarter @elonmusk & Team @Tesla , this number is absolutely incredible!! GOOD JOB

Congrats to all #Tesla  as well 
https://tesmanian.com/blogs/tesmanian-blog/tesla-achieved-a-victory-q2-2020-with-90-650-delivered…"
2020-07-02T21:15:01.000Z,Crew Dragon docked to the @Space_Station
2020-07-02T20:06:28.000Z,Thanks Tesla owners & investors! Love you!! We will work super hard to earn your trust & support.
2020-07-02T14:26:51.000Z,"Just over a month ago, @AstroBehnken & @Astro_Doug launched to the @Space_Station aboard @SpaceX's Crew Dragon.

This mission returned astronaut launches into orbit from U.S. soil for the first time since 2011.

Learn more about the Commercial Crew Program https://go.nasa.gov/3ecv0r5"
2020-07-02T18:57:26.000Z,"SEC, three letter acronym, middle word is Elon’s"
2020-07-02T18:50:12.000Z,Will send some to the Shortseller Enrichment Commission to comfort them through these difficult times
2020-07-02T18:40:47.000Z,Tesla will make fabulous short shorts in radiant red satin with gold trim
2020-07-02T18:24:57.000Z,Who wears short shorts? 
2020-07-02T12:36:15.000Z,Tesla crushes Wall Street’s Q2 estimates with over 90k deliveries $TSLA
2020-07-01T19:30:36.000Z,"Tesla Impact Report (repost). We do everything humanly possible to source materials & produce sustainable energy cars, batteries & solar ethically. Suggestions for improvement are always appreciated."
2020-06-30T21:56:52.000Z,Your GPS just got slightly better
2020-06-30T20:20:47.000Z,Falcon 9’s first stage has landed on the Just Read the Instructions droneship!
2020-06-30T20:11:22.000Z,Liftoff!
2020-06-30T03:12:47.000Z,"The tesla supercharger provides an ecosystem and network of amazing travel and shopping opportunities. I plan a lot of trips with my family around what is around a supercharger. Whether it’s bike rides, grocery shopping or eating, the supercharger network has it all. @elonmusk"
2020-06-28T23:39:41.000Z,"Btw, Tesla actually receives *least* subsidies of any automaker in US. Federal tax credit applies to other automaker EVs, but no longer Tesla."
2020-06-28T23:35:42.000Z,Great Model Y review by @jayleno
2020-06-28T05:28:20.000Z,"Cybertruck inside Petersen Automotive Museum.
#tesla #Cybertruck"
2020-06-28T21:54:51.000Z,69 days after 4/20 again haha
2020-06-26T17:28:53.000Z,.@JeffBezos is a copy  haha
2020-06-26T07:35:57.000Z,"Who controls the memes,
controls the Universe"
2020-06-26T06:03:42.000Z,Literally
2020-06-26T05:57:58.000Z,Only a matter of time before someone steals a Tesla while playing GTA on a Tesla
2020-06-26T05:25:09.000Z,North American Supercharger usage tracking to exceed pre covid highs in 2 to 3 weeks. Lot of noise out there. This is signal.
2020-06-25T22:05:18.000Z,First thoughts driving my new Tesla model Y. Review and discussion of what I learned at Tesla today and outlook for the stock. #tesla $tsla #teslamodelY #StockMarket #stock @elonmusk
2020-06-25T07:43:07.000Z,Two Starship tanks in the midbay
2020-06-25T02:57:55.000Z,Special thanks to Tesla trucking & rail partners for figuratively & literally going the extra mile
2020-06-25T02:56:12.000Z,Apologies to Tesla customers for shifting delivery dates. It’s a crazy world out there!
2020-06-25T00:45:43.000Z,"Wall Street Journal: Tesla Model Y Offers “Fierce, Velvety” Driving Characteristics"
2020-06-22T03:11:02.000Z,Tentative date for Tesla Shareholder Meeting & Battery Day is Sept 15. Will include tour of cell production system.
2020-06-22T03:05:26.000Z,Reminder that Tesla Full Self-Driving (FSD) price goes up by $1k on July 1st
2020-06-22T03:04:26.000Z,Enabling basic Tesla Autopilot via Tesla in-app purchase is reduced to $2k until July 1
2020-06-21T15:27:16.000Z,2019 seems so quaint & long ago
2020-06-21T08:29:04.000Z,That is our purpose
2020-06-21T08:07:42.000Z,We must pass The Great Filter
2020-06-21T07:03:08.000Z,Mars is my souldog
2020-06-21T06:19:41.000Z,"If heat death is the end of the universe, it really is all about the journey"
2020-06-21T05:03:12.000Z,Exclusive Pro Photos: Tesla Cybertruck At The Petersen Auto Museum
2020-06-19T17:06:03.000Z,Juneteenth is henceforth considered a US holiday at Tesla & SpaceX
2020-06-18T01:24:00.000Z,More than 100 spacecraft have been signed up to fly on Falcon 9 since we launched the rideshare program. Small satellite operators can book their ride to orbit online → http://spacex.com/rideshare
2020-05-30T13:50:34.000Z,"Help us find an unsung hero! If they win, they get $50k & you get up to $3k for nominating/spreading the word. Our first 3 awards went to Vasili #Arkhipov, Stanislav #Petrov & Matthew #Meselson, for helping prevent 2 #nuclear wars & 1 bioweapon arms race."
2020-06-16T19:20:04.000Z,"SpaceX is building floating, superheavy-class spaceports for Mars, moon & hypersonic travel around Earth"
2020-06-16T02:07:13.000Z,All Model S cars made since late Jan have 402 mile range. This is just making it official.
2020-06-15T23:53:26.000Z,Tesla Model S now first ever electric vehicle to receive EPA range rating above 400 miles!
2020-06-15T23:36:49.000Z,China & Asia Pacific Supercharger usage above pre-covid highs. North America catching up fast. Europe slightly behind.
2020-06-13T10:33:32.000Z,Falcon 9 launches 58 Starlink satellites and 3 @planetlabs Skysats to orbit before returning to Earth and landing on a droneship
2020-06-10T22:22:01.000Z,Catapults are a great way to get somewhere fast https://twitter.com/engineeringvids/status/1270707585314779138…
2020-06-10T19:06:53.000Z,Tesla factory workplace safety is 5% better than industry average for manufacturers & improving fast
2020-06-10T18:28:56.000Z,After which they are recycled
2020-06-10T18:26:00.000Z,Tesla batteries are lasting much longer than 200k miles / 320k km
2020-06-10T18:22:29.000Z,"Moreover, energy produced by Tesla solar deployments far exceeds energy used in our factories"
2020-06-10T18:21:05.000Z,"Electric cars produce *much* less CO2 than fossil fuel cars, taking both electricity emission & vehicle production into acount"
2020-06-10T18:07:22.000Z,"Posting Tesla Impact Report, this time with summary points & charts in my reply tweets https://tesla.com/ns_videos/2019-tesla-impact-report.pdf…"
2020-06-10T14:15:45.000Z,"Wort reading the whole thing
https://tesla.com/ns_videos/2019-tesla-impact-report.pdf…"
2020-06-09T21:24:53.000Z,Starlink fairing deploy sequence
2020-06-08T18:18:41.000Z,"Wow, this is extremely important!!"
2020-06-07T00:46:56.000Z,Gateway to Mars
2020-06-06T23:42:00.000Z,"Starship Production Complex
Boca Chica, Texas"
2020-06-06T07:48:25.000Z,The gerontocracy is out of touch with the people
2020-06-06T07:06:09.000Z,"Selling weed literally went from major felony to essential business (open during pandemic) in much of America & yet many are still in prison. Doesn’t make sense, isn’t right."
2020-06-06T06:54:21.000Z,"This will probably get me into trouble, but I feel I have to say it"
2020-06-06T03:38:45.000Z,Order a Tesla online in 2 mins at
2020-06-04T16:55:46.000Z,"Falcon 9 flew for the first time ten years ago today. Completing 85 missions to date, Falcon 9 is now the most flown operational rocket in the United States."
2020-06-04T01:58:56.000Z,Always incredible! @SpaceX 
2020-06-04T01:26:28.000Z,Liftoff!
2020-05-30T15:00:29.000Z,Live webcast of Crew Dragon’s test flight with @NASA astronauts @AstroBehnken and @Astro_Doug → http://spacex.com/launches
2020-05-31T14:18:33.000Z,Docking confirmed – Crew Dragon has arrived at the @space_station!
2020-05-31T11:32:20.000Z,Dragon docks with @Space_Station in ~3 hours
2020-05-30T19:35:50.000Z,"Crew Dragon has separated from Falcon 9’s second stage and is on its way to the International Space Station with @Astro_Behnken and @AstroDoug! Autonomous docking at the @Space_Station will occur at ~10:30 a.m. EDT tomorrow, May 31"
2020-05-30T19:33:11.000Z,Falcon 9 booster has landed on the Of Course I Still Love You droneship!
2020-05-30T19:23:38.000Z,Liftoff!
2020-05-30T19:17:55.000Z,5 mins to T-0
2020-05-30T16:21:53.000Z,.@AstroBehnken and @Astro_Doug arrive at historic Launch Complex 39A → http://spacex.com/launches
2020-05-30T11:51:36.000Z,All systems go for Crew Dragon’s test flight with @NASA astronauts @AstroBehnken and @Astro_Doug. Teams are keeping an eye on weather. Webcast will go live at ~11:00 a.m. EDT → http://spacex.com/launches
2020-05-27T19:16:49.000Z,Artwork by @tristaneaton flying aboard Dragon
2020-05-27T20:20:24.000Z,"Standing down from launch today due to unfavorable weather in the flight path. Our next launch opportunity is Saturday, May 30 at 3:22 p.m. EDT, or 19:22 UTC"
2020-05-27T19:50:41.000Z,Crew access arm retracting from the spacecraft
2020-05-27T16:22:30.000Z,Webcast of Crew Dragon’s demonstration mission with @NASA astronauts @AstroBehnken and @Astro_Doug on board the spacecraft is now live → http://spacex.com/launches
2020-05-27T17:52:47.000Z," Strapped in 
 Ready for the ride

#LaunchAmerica"
2020-05-25T23:22:50.000Z,Falcon 9 and Crew Dragon will lift off from Launch Complex 39A – the same place Saturn V launched humanity to the Moon and from where the first and final Space Shuttle missions lifted off
2020-05-25T23:23:17.000Z,"Strap yourself into the @SpaceX Dragon capsule that will take @NASA  astronauts to the @Space_Station Wednesday. 

Don't miss NASA & SpaceX: Journey to the Future tonight at 10pm ET!"
2020-05-25T15:30:00.000Z,"As we look forward to the future, we reflect and remember those who secured it for us by making the ultimate sacrifice. #MemorialDay"
2020-05-24T23:38:13.000Z,The @Space_Station is circling Earth at 25 times the speed of sound https://twitter.com/UniverCurious/status/1264329531164426241…
2020-05-23T23:09:46.000Z,SpaceX and @NASA completed a full rehearsal of launch day activities with @AstroBehnken and @Astro_Doug ahead of Crew Demo-2
2020-05-23T19:39:50.000Z,Made on Earth by humans
2020-05-23T00:02:01.000Z,The medium is the message
2020-05-22T23:24:21.000Z,"Open your eyes, look up to the skies"
2020-05-22T00:55:18.000Z,ICYMI: Earth is beautiful.
2020-05-21T20:19:12.000Z,Falcon 9 and Crew Dragon are vertical on the launch pad
2020-05-21T02:34:04.000Z,Crew Dragon and Falcon 9 in the hangar at Launch Complex 39A
2020-05-18T19:55:21.000Z,"The Crew Dragon has arrived to Launch Complex 39A! 

This spacecraft will carry @AstroBehnken and @Astro_Doug to the @Space_Station when it launches atop a @SpaceX Falcon 9 rocket on May 27, at 4:33 p.m. ET: http://go.nasa.gov/2Xciz7X"
2020-05-19T16:56:34.000Z,"More fun, less shun!"
2020-05-19T16:35:23.000Z,Cancel Cancel Culture!
2020-05-18T23:48:43.000Z,"The FSD price will continue to rise as the software gets closer to full self-driving capability with regulatory approval. It that point, the value of FSD is probably somewhere in excess of $100,000."
2020-05-17T17:44:14.000Z,Take the red pill 
2020-05-15T17:13:14.000Z,The Age of Napoleon by Will & Ariel Durant is an amazing book
2020-05-15T13:20:00.000Z,"Kerbonauts, we have a mission for you! On May 27, @SpaceX and @NASA are launching astronauts to the @Space_Station from U.S. soil! We challenge you to simulate the mission and share your footage by May 25 using #LaunchAmerica. We’ll show NASA the best ones to see what they think!"
2020-05-15T16:37:06.000Z,It’s remarkable how often The News attempts to answer the question: what is the worst thing that happened on Earth today?
2020-05-15T03:47:33.000Z,Boring Company completes 2nd Vegas tunnel
2020-05-14T23:22:56.000Z,"Breakthrough, Part Deux  @LVCVA"
2020-05-15T03:43:50.000Z,"In his 18th Brumaire essay (in which he does make some good points), Marx famously said history repeats itself, first as tragedy, then as farce. This is now ironically happening with Marxism."
2020-05-14T19:06:25.000Z,Tesla Supercharger usage by region
2020-05-13T20:25:09.000Z,Here’s some @Tesla news that everyone should love. Check out the Model X that will carry @AstroBehnken and @Astro_Doug to the launchpad for the Demo-2 mission! #LaunchAmerica
2020-05-13T22:36:00.000Z,Super exciting day coming up!
2020-05-13T16:11:15.000Z,"The first stage rocket booster supporting this mission previously  launched two Starlink missions, as well as the Iridium-8 and Telstar 18 VANTAGE missions"
2020-05-13T16:11:14.000Z,"Static fire test of Falcon 9 complete—targeting Sunday, May 17 at 3:53 a.m. EDT, 7:53 UTC, for launch of the eighth Starlink mission, which will lift off from SLC-40 in Florida"
2020-05-13T03:58:16.000Z,Elon Musk’s Email To Tesla Employees Returning To Work
2020-05-13T04:11:08.000Z,Ice cream sundae in a martini glass
2020-05-12T18:03:39.000Z,Simulator of Crew Dragon docking with @space_station → http://iss-sim.spacex.com
2020-05-12T08:31:00.000Z,That’s pretty much what happened
2020-05-11T20:23:55.000Z,"Yes, California approved, but an unelected county official illegally overrode. Also, all other auto companies in US are approved to resume. Only Tesla has been singled out. This is super messed up!"
2020-05-11T20:36:52.000Z,"Tesla is restarting production today against Alameda County rules. I will be on the line with everyone else. If anyone is arrested, I ask that it only be me."
2020-05-11T04:06:26.000Z,Thanks for the cool suggestions  More fun coming to your Tesla soon!
2020-05-11T02:43:04.000Z,Happy Mother’s Day to other mothers!! @Grimezsz 
2020-05-10T04:48:29.000Z,SN4 passed high pressure (7.5 bar) & engine thrust load at cryo
2020-05-09T09:03:00.000Z,"Half a , philosophically, must ipso facto half not "
2020-05-09T08:54:30.000Z,"Once again, I must recommend https://reddit.com/r/RealBeesFakeTopHats/comments/gfshpy/a_dapper_young_fellow_on_a_flower_of_yellow/…"
2020-05-06T08:04:27.000Z,Wishing good vibes for all in 2nd half 2020
2020-05-06T03:33:46.000Z,What’s wild is that Super Heavy will have 31 Raptor engines in same space!
2020-05-06T03:26:43.000Z,Starship SN4 passed static fire
2020-05-03T19:10:40.000Z,"Well said, Lord Sumption, well said!"
2020-05-03T08:03:50.000Z,Anyone think they can get a good multiplayer Minecraft working on Teslas? Or maybe create a game that interacts virtually with reality like Pokémon Go while driving safely? Like a complex version of Pac-man or Mario Kart?
2020-05-03T07:56:49.000Z,Minecraft has amazing legs
2020-05-03T07:48:03.000Z,That was 2.5 years ago & still not even on the moon. Progress must accelerate!
2020-05-02T19:55:34.000Z,One of the all-time best songs
2020-05-01T23:32:51.000Z,Crew Dragon at the Cape undergoing final preparations ahead of first flight to the @Space_Station with @NASA astronauts onboard
2020-05-03T19:10:40.000Z,"Well said, Lord Sumption, well said!"
2020-05-03T08:03:50.000Z,Anyone think they can get a good multiplayer Minecraft working on Teslas? Or maybe create a game that interacts virtually with reality like Pokémon Go while driving safely? Like a complex version of Pac-man or Mario Kart?
2020-05-03T07:56:49.000Z,Minecraft has amazing legs
2020-05-03T07:48:03.000Z,That was 2.5 years ago & still not even on the moon. Progress must accelerate!
2020-05-02T19:55:34.000Z,One of the all-time best songs
2020-05-01T23:32:51.000Z,Crew Dragon at the Cape undergoing final preparations ahead of first flight to the @Space_Station with @NASA astronauts onboard
2020-05-01T16:17:43.000Z,My gf @Grimezsz is mad at me
2020-05-01T16:14:14.000Z,Just one stipulation on sale: I own Gene Wilder’s old house. It cannot be torn down or lose any its soul.
2020-05-01T16:08:57.000Z,"Rage, rage against the dying of the light of consciousness"
2020-05-01T15:30:38.000Z,O'er the land of the free and the home of the brave?
2020-05-01T15:29:47.000Z,"Oh, say does that star-spangled banner yet wave"
2020-05-01T15:28:08.000Z,Gave proof through the night that our flag was still there
2020-05-01T15:26:46.000Z,"And the rocket's red glare, 
the bombs bursting in air"
2020-05-01T15:15:13.000Z,Now give people back their FREEDOM
2020-05-01T15:11:26.000Z,Tesla stock price is too high imo
2020-05-01T15:10:24.000Z,I am selling almost all physical possessions. Will own no house.
2020-05-01T14:08:33.000Z,Why our Launch of the @NASA & @SpaceX Demo-2 Mission to the @Space_Station  is Essential: https://blogs.nasa.gov/bridenstine/2020/05/01/why-our-launch-of-the-spacex-demo-2-mission-to-the-international-space-station-is-essential/…
2020-04-30T16:54:13.000Z,"Tesla Reached 1,000 Solar Roof Production In A Single Week, Exceeding 4MW"
2020-04-30T18:25:56.000Z,This is misleading to the public
2020-04-30T17:54:59.000Z,Classifying all deaths as corona even if corona didn’t cause the death is simply a lie https://twitter.com/veemarie881/status/1255918163247665155…
2020-04-30T15:25:45.000Z,"Both @pmarca and @elonmusk have said we should go build/get back to work and have been met with harsh criticism. 

I’m with them. 

Time to free us for the sake of progress."
2020-04-30T17:09:50.000Z,"Last year, NASA announced Starship as eligible for the Commercial Lunar Payload Services (CLPS) initiative – to deliver payloads between Earth and the Moon, and to enable humans to return to the Moon"
2020-04-30T17:09:47.000Z,SpaceX has been selected to develop a lunar optimized Starship to transport crew between lunar orbit and the surface of the Moon as part of @NASA’s Artemis program! https://go.nasa.gov/3f0o3ux
2020-04-30T17:09:47.000Z,SpaceX has been selected to develop a lunar optimized Starship to transport crew between lunar orbit and the surface of the Moon as part of @NASA’s Artemis program! https://go.nasa.gov/3f0o3ux
2020-04-29T06:42:14.000Z,"Yes, reopen with care & appropriate protection, but don’t put everyone under de facto house arrest"
2020-04-30T14:39:36.000Z,Why forced isolation is bad
2020-04-30T02:46:53.000Z,"Provided the hospital system is not overwhelmed, @elonmusk is 100% correct that people should be able to make their down decision to stay quarantined or not

People already have this right, the government is simply lobbying folks to stay home, but they can’t keep them there"
2020-04-30T02:58:14.000Z,California HHS server crashed. Maybe it has covid.
2020-04-30T02:05:19.000Z,Actual data reference CHHS https://data.chhs.ca.gov/dataset/california-covid-19-hospital-data-and-case-statistics…
2020-04-30T02:02:52.000Z,Hospitals in California have been half empty this whole time
2020-04-29T23:46:17.000Z,"$TSLA CEO @elonmusk blasts shelter in place orders: “To say that they cannot leave their house and they will be arrested if they do, this is fascist.  This is not democratic, this is not freedom, give people back their god damn freedom.”"
2020-04-29T06:14:53.000Z,FREE AMERICA NOW
2020-04-29T06:03:52.000Z,Give people their freedom back!
2020-04-27T23:54:39.000Z,Too much the moral arbiter of the world
2020-04-27T23:54:13.000Z,Silicon Valley has become Sanctimonious Valley
2020-04-27T04:44:34.000Z,SN4 passed cryo proof! 
2020-04-27T03:50:33.000Z,Snowing in Texas
2020-04-26T23:07:00.000Z,"Airplanes fly about 600 mph, but the @Space_Station orbits Earth at 17,500 mph & looks like a very bright star moving across the sky. Did you know that you can track when the station will pass overhead? Find out when & where to #SpotTheStation: https://spotthestation.nasa.gov #NASAatHome"
2020-04-26T19:38:22.000Z,"Docs make good points 
https://m.youtube.com/watch?feature=youtu.be&v=xfLVxx_lBLU…"
2020-04-26T15:27:11.000Z,Aiming for cryo pressure test tonight
2020-04-26T15:21:04.000Z,Great to see Starship SN4 standing tall this morning after last night’s pressure test. Waiting to hear from @elonmusk on results.
2020-04-25T11:50:25.000Z,So often true 
2020-04-24T23:55:15.000Z,Mythic Quest is  MTTD
2020-04-24T19:30:43.000Z,"Starting today Teslas in the US can automatically stop for traffic lights and stop signs.

Just say where you want to go. Your Tesla will drive you through city streets, across highways interchanges, go around slow cars, and exit all on its own.

You just monitor. @elonmusk"
2020-04-24T21:17:11.000Z,Great questions from Hack Club!
2020-04-24T18:10:53.000Z,"The Machine Stops
https://ele.uri.edu/faculty/vetter/Other-stuff/The-Machine-Stops.pdf…"
2020-04-24T00:30:31.000Z,Welcome @hiromichimizuno to the Tesla board! Honored to have you.
2020-04-23T18:58:59.000Z,Starship SN4 tank on test stand
2020-04-23T18:39:49.000Z,Silver lining is that mortality rate is much lower than predicted & herd immunity much higher. Good news.
2020-04-23T08:02:03.000Z,"Tesla Model S and Model X get free acceleration and endurance boost in new update
https://teslarati.com/tesla-model-s-cheetah-stance-free-acceleration-boost-release-notes/?cc=2…"
2020-04-23T00:07:29.000Z,"In advance of this, please try to hack Starlink & Tesla Mothership!"
2020-04-22T22:15:10.000Z,There are now 420 operational Starlink satellites  
2020-04-22T19:27:54.000Z,"Starlink will deliver high speed broadband internet to locations where access has been unreliable, expensive, or completely unavailable"
2020-04-22T19:47:26.000Z,Successful deployment of 60 Starlink satellites confirmed
2020-04-22T19:18:58.000Z,Watch Falcon 9 launch 60 Starlink satellites → http://spacex.com/webcast
2020-04-22T13:56:14.000Z,"New T-0 of 3:30 p.m. EDT, 19:30 UTC, for today’s launch of Starlink"
2020-04-22T13:21:13.000Z,Happy Earth Day!
2020-04-18T03:02:28.000Z,Orbital human spaceflight returns to the Cape in six weeks!
2020-04-17T17:49:08.000Z,"Human spaceflight is returning to America! 

On May 27, @NASA astronauts @AstroBehnken and @Astro_Doug will launch on @SpaceX's #CrewDragon spacecraft from @NASAKennedy for the Demo-2 mission. #LaunchAmerica
: https://go.nasa.gov/3evX7T6"
2020-04-17T17:54:52.000Z,"Good progress, but 18 years to launch our first humans is a long time. Technology must advance faster or there will be no city on the red planet in our lifetime."
2020-04-16T17:56:33.000Z,"These were based on direct requests from their ICU wards, with exact specifications of each unit provided before shipment"
2020-04-16T17:54:18.000Z,Partial list of hospitals to which Tesla sent ventilators
2020-04-16T07:50:51.000Z,“Dr. Levitan advocates combining breathing support from a CPAP machine or regular oxygen with comfortable positioning”. Yup.
2020-04-16T07:44:36.000Z,“Don’t jump to intubation.” — Dr Caputo
2020-04-15T00:02:29.000Z,"To be clear, Fremont & Shanghai will also be upgraded over time, but it’s hard to retrofit these improvements to an operating paint shop"
2020-04-14T23:59:35.000Z,Initial production at Giga Berlin is Model Y
2020-04-14T23:56:31.000Z,"Giga Berlin will have world’s most advanced paint shop, with more layers of stunning colors that subtly change with curvature"
2020-04-13T01:38:11.000Z,"While others party, he study the blade"
2020-04-12T22:47:18.000Z,"Happy Easter!
Follow the "
2020-04-12T05:26:40.000Z,Turns out that gun is for the toilet paper
2020-04-10T07:39:10.000Z,But actually
2020-04-09T00:41:11.000Z,"Tesla wins 5/6 Kelley Blue Book awards

 Best Overall
 Best Value
 Most Refined
 Best Performance
 Best Styling"
2020-04-08T22:18:50.000Z,What is simple in one arena is often profound in another
2020-04-08T20:56:19.000Z,Great differences in technology exist in the world about which even hardcore technologists are unaware
2020-04-08T19:47:38.000Z,"Four years ago today, Falcon 9 landed on the Of Course I Still Love You droneship for the first time. Additional Falcon landings footage → http://youtube.com/playlist?list=PLBQ5P5txVQr-Q68JtHuTTBWldX2psIqA1…"
2020-04-07T20:45:47.000Z,The 20th & final Dragon 1 mission is complete
2020-04-07T11:45:01.000Z,"We’re about to release a #Dragon into space.

Tune in live at 8:45am ET to see a @SpaceX spacecraft packed with cargo and @ISS_Research depart the @Space_Station for the journey back to Earth. Grab your coffee & watch: https://go.nasa.gov/2yHRilf"
2020-04-07T01:21:18.000Z,Here you go
2020-04-06T07:00:34.000Z,Starship fuel header tank
2020-04-06T02:58:56.000Z,Music is a limbic resonator
2020-04-05T23:18:35.000Z,Engineering update on the Tesla ventilator
2020-04-05T07:49:54.000Z,So proud
2020-04-05T07:30:58.000Z,Raptors
2020-04-05T07:02:27.000Z,We’re adding this here catchy tune to the music maker in the Tesla!
2020-04-04T14:50:03.000Z,#MDTisMobilizing with @elonmusk. Our collaboration with @Tesla / SpaceX is bearing fruit. @SpaceX is now making a vital component for critical care #ventilators — more vents sooner for #COVID19 patients.
2020-04-04T17:42:13.000Z,Press any key to continue
2020-04-02T16:06:21.000Z,"The worm is back! When the @SpaceX Falcon 9 lifts off carrying @NASA_Astronauts aboard #CrewDragon, it will sport the iconic symbol to mark the return of human spaceflight on American rockets from American soil. More: https://go.nasa.gov/3bPc7sT #TheWormIsBack"
2020-03-31T15:27:02.000Z,"We have extra FDA-approved ventilators. Will ship to hospitals worldwide within Tesla delivery regions. Device & shipping cost are free. Only requirement is that the vents are needed immediately for patients, not stored in a warehouse. Please me or @Tesla know."
2020-03-30T18:27:28.000Z,Now on launch stand
2020-03-30T18:17:00.000Z,Hello from the Inside
2020-03-30T17:53:30.000Z,Logarithm graphs coming soon
2020-03-27T22:51:10.000Z,"Would be great to combine blood donations with a C19 antibody test, so you know if you’re immune. Refill blood banks & give donors peace of mind."
2020-03-26T11:29:22.000Z,"5/ One last point here: Ferguson gives the lockdown credit, which is *interesting* - the UK only began ita lockdown 2 days ago, and the theory is that lockdowns take 2 weeks or more to work."
2020-03-26T11:26:33.000Z,4/ Ferguson now predicts that the epidemic in the U.K. will peak and subside within “two to three weeks” - last week’s paper said 18+ months of quarantine would be necessary.
2020-03-26T11:21:33.000Z,"3/ Essentially, what has happened is that estimates of the viruses transmissibility have increased - which implies that many more people have already gotten it than we realize - which in turn implies it is less dangerous."
2020-03-26T11:14:33.000Z,"2/ He now says both that the U.K. should have enough ICU beds and that the coronavirus will probably kill under 20,000 people in the U.K. - more than 1/2 of whom would have died by the end of the year in any case bc they were so old and sick."
2020-03-26T11:10:28.000Z,"1/ This is a remarkable turn from Neil Ferguson, who led the @imperialcollege authors who warned of 500,000 UK deaths - and who has now himself tested positive for #COVID;"
2020-03-24T18:42:18.000Z,This meme proves it
2020-03-24T18:35:36.000Z,It’s ducked!
2020-03-21T20:20:47.000Z,Addressing #COVID19 is a group effort. We are grateful for the discussion with @ElonMusk and @Tesla as we work across industries to solve problems and get patients and hospitals the tools they need to continue saving lives. We're all in this together.
2020-03-21T18:22:39.000Z,Just had a long engineering discussion with Medtronic about state-of-the-art ventilators. Very impressive team!
2020-03-19T21:34:04.000Z,No new domestic corona cases in China
2020-03-18T23:06:43.000Z,SpaceX and @NASA are targeting no earlier than mid-to-late May for Crew Dragon’s launch with two @NASA_Astronauts on board https://go.nasa.gov/3b8EKBb
2020-03-18T12:33:13.000Z,Successful deployment of 60 Starlink satellites confirmed
2020-03-18T11:46:12.000Z,"Falcon 9, Starlink satellites and weather are go for launch. T-30 minutes until liftoff →  http://spacex.com/webcast"
2020-03-18T05:07:45.000Z,Because polygon doesn’t rhyme
2020-03-18T04:52:13.000Z,Abysmal autocorrect might be the #1 reason people don’t fear AI
2020-03-18T04:27:44.000Z,Fear the memesphere
2020-03-17T04:50:11.000Z,"Hydroxychloroquine probably better
https://m.youtube.com/watch?feature=youtu.be&v=vE4_LsftNKM…"
2020-03-18T12:33:13.000Z,Successful deployment of 60 Starlink satellites confirmed
2020-03-18T11:46:12.000Z,"Falcon 9, Starlink satellites and weather are go for launch. T-30 minutes until liftoff →  http://spacex.com/webcast"
2020-03-18T05:07:45.000Z,Because polygon doesn’t rhyme
2020-03-18T04:52:13.000Z,Abysmal autocorrect might be the #1 reason people don’t fear AI
2020-03-18T04:27:44.000Z,Fear the memesphere
2020-03-17T04:50:11.000Z,"Hydroxychloroquine probably better
https://m.youtube.com/watch?feature=youtu.be&v=vE4_LsftNKM…"
2020-03-17T03:34:13.000Z,"That said, danger of panic still far exceeds danger of corona imo. If we over-allocate medical resources to corona, it will come at expense of treating other illnesses. Track graph at bottom of this page: https://cdc.gov/coronavirus/2019-ncov/cases-updates/cases-in-us.html?CDC_AA_refVal=https%3A%2F%2Fwww.cdc.gov%2Fcoronavirus%2F2019-ncov%2Fcases-in-us.html…"
2020-03-17T03:27:14.000Z,This paper matches what I’m hearing from a lot of smart people https://elsevier.com/__data/assets/pdf_file/0007/988648/COVID-19-Drug-Therapy_Mar-2020.pdf…
2020-03-16T18:29:57.000Z,"Targeting Wednesday, March 18 at 8:16 a.m. EDT, 12:16 UTC, for Falcon 9's launch of Starlink from LC-39A in Florida"
2020-03-16T20:31:48.000Z,Maybe worth considering chloroquine for C19 https://docs.google.com/document/d/e/2PACX-1vTi-g18ftNZUMRAj2SwRPodtscFio7bJ7GdNgbJAGbdfF67WuRJB3ZsidgpidB2eocFHAVjIL-7deJ7/pub…
2020-03-16T17:40:52.000Z,"Model Y deliveries begin!

https://ts.la/ModelY"
2020-03-15T03:33:30.000Z,Fear is the mind-killer
2020-03-13T23:37:58.000Z,Falcon 9’s first stage supporting this mission has flown to orbit four times
2020-03-13T23:37:58.000Z,"Static fire test of Falcon 9 complete—targeting Sunday, March 15 at 9:22 a.m. EDT, 13:22 UTC, for launch of 60 Starlink satellites from LC-39A in Florida"
2020-03-11T18:41:24.000Z,We should be excited about the future & striving to go beyond the horizon!
2020-03-11T18:32:00.000Z,And so annoying
2020-03-11T18:31:05.000Z,"Moral condemnation used not for morality, but as a weapon for manipulation is messed up"
2020-03-11T16:57:51.000Z,Moon too
2020-03-11T15:39:53.000Z,The people have spoken!
2020-03-11T04:26:02.000Z,"To those who quietly help advance the causes we mutually believe in, knowing advancing the cause is the only reward: thank you"
2020-03-10T19:24:42.000Z,"Tesla Topped 1st Place  in Consumer Reports Owner Satisfaction Survey 
$TSLA #Tesla
@elonmusk @Tesla"
2020-03-11T00:14:21.000Z,Model Y production for east coast too
2020-03-11T00:12:04.000Z,Scouting locations for Cybertruck Gigafactory. Will be central USA.
2020-03-10T05:53:48.000Z,With an epic sound system & woofers the size of a car
2020-03-10T04:49:56.000Z,Tesla should have a mega rave cave under the Berlin Gigafatory
2020-03-11T04:26:02.000Z,"To those who quietly help advance the causes we mutually believe in, knowing advancing the cause is the only reward: thank you"
2020-03-10T19:24:42.000Z,"Tesla Topped 1st Place  in Consumer Reports Owner Satisfaction Survey 
$TSLA #Tesla
@elonmusk @Tesla"
2020-03-11T00:14:21.000Z,Model Y production for east coast too
2020-03-11T00:12:04.000Z,Scouting locations for Cybertruck Gigafactory. Will be central USA.
2020-03-10T05:53:48.000Z,With an epic sound system & woofers the size of a car
2020-03-10T04:49:56.000Z,Tesla should have a mega rave cave under the Berlin Gigafatory
2020-03-10T04:26:25.000Z,Was good maybe 5 or 6 years ago when you could wonder around & find great unknown bands
2020-03-10T04:22:13.000Z,Too much corporate sponsorship killed the vibe
2020-03-10T04:14:13.000Z,Coachella should postpone itself until it stops sucking
2020-03-10T02:32:21.000Z,"Congratulations Tesla team on making our 1,000,000th car!!"
2020-03-07T09:01:24.000Z,Accurate
2020-03-07T05:07:47.000Z,Envelope expanded
2020-03-07T04:36:03.000Z,Webcast of Falcon 9 launch now live → http://spacex.com/webcast
2020-03-07T02:28:58.000Z,Rocket will land in highest winds ever at Cape Canaveral tonight. This is intentional envelope expansion.
2020-03-07T02:25:13.000Z,Final Dragon Version 1 mission tonight
2020-03-06T20:42:39.000Z,The coronavirus panic is dumb
2020-03-05T20:24:59.000Z,Art of the Roof
2020-03-04T19:00:24.000Z,"Model 3 recently earned the 2020 IIHS Top Safety Pick+ Award. Winning cars are selected on their ability to protect people inside and outside the car 
"
2020-03-03T08:49:26.000Z,They have the best coin
2020-03-03T08:46:53.000Z,Dogs rock
2020-03-03T01:21:14.000Z,Just want say that I support @Jack as Twitter CEO. He has a good .
2020-02-27T05:10:00.000Z,"Your Cybertruck is here. It's just ... a toy. The Hot Wheels Tesla Cybertruck goes 25 miles per hour and accelerates like a demon. The headlights and taillights work and it even comes with two stickers that ""shatter"" the side windows.  Details: https://wired.trib.al/SLE80jB"
2020-03-02T08:38:59.000Z,Where’s Flextape when you need it!?
2020-03-02T08:33:45.000Z,"It’s fine, we’ll just buff it out"
2020-03-02T08:32:15.000Z,So … how was your night?
2020-02-28T21:23:08.000Z,"Falcon Heavy will launch @NASAPsyche! The mission, for which @NASA requires the highest level of launch vehicle reliability, will study a metal asteroid between Mars and Jupiter to help humanity better understand the formation of our solar system’s planets https://go.nasa.gov/2VCFdap"
2020-02-25T22:49:30.000Z,SN2 tank integration starts this week with much less circumferential pucker. Thanks Fronius!
2020-02-25T22:47:31.000Z,Starship SN1 tank preparing for Raptor attachment & static fire
2020-02-25T20:28:10.000Z,And that’s why cones were invented
2020-02-25T20:10:27.000Z,Tinny
2020-02-25T09:24:08.000Z,Rococo is alive & living in our hearts
2020-02-25T09:08:00.000Z,Woody
2020-02-25T08:36:14.000Z,Battle Angel Starship
2020-02-21T11:16:44.000Z,Science has gone too far
2020-02-20T19:54:33.000Z,Tesla Model 3 Is Consumer Reports' Top EV Pick for 2020 http://dlvr.it/RQR6Rn
2020-02-20T10:29:23.000Z,"High bay for stacking Starship engine bay, propellant tanks & fairing (fka nosecone) sections is almost done!"
2020-02-20T00:51:55.000Z,"Worth reading Asimov’s Foundation
https://en.m.wikipedia.org/wiki/Foundation_series…"
2020-02-19T23:43:59.000Z,Rocket nosecone production in Texas
2020-02-17T15:23:23.000Z,Successful deployment of 60 Starlink satellites confirmed!
2020-02-17T15:07:53.000Z,Liftoff!
2020-02-17T00:01:12.000Z,Crew Dragon completes acoustic testing in Florida
2020-02-16T01:14:27.000Z,Looking forward to international expansion later this year 
2020-02-16T01:12:59.000Z,"Tesla is ramping up Solar Roof installation across the USA! Training will be provided, so no prior experience needed. Apply at"
2020-02-15T04:48:32.000Z,All S/X cars made in recent months have actually been above stated EPA range. Will be unlocked soon for free via software update.
2020-02-15T04:45:47.000Z,Tesla Model S estimated EPA range is now above 390 miles or ~630 km
2020-02-15T04:35:09.000Z,Run a physics sim long enough & you’ll get intelligence
2020-02-14T17:56:07.000Z,Only the heart senses beauty
2020-02-13T20:45:40.000Z, be still my beating heart 
2020-02-12T07:52:05.000Z,Thanks Mom!!!  @mayemusk
2020-02-12T07:45:16.000Z,And some vitamin k too
2020-02-12T07:02:46.000Z,Ok u can have a little emerald 
2020-02-10T17:53:21.000Z,The degree to which SolarGlass will positively effect the esthetics & energy sustainability of neighborhoods throughout the world is not yet well appreciated. This is a very important product.
2020-02-10T17:49:05.000Z,"Tesla April company talk will be from our Giga New York factory, where we make SolarGlass & several other products. Will also offer customer & media tours."
2020-02-10T17:41:25.000Z,Should preface this saying that feedback from early Tesla Solar roof owners has been v positive. It’s stunning vs a regular roof in person imo. Photos don’t do it justice.
2020-02-10T17:25:09.000Z,Please let us know what improvements we can make to any aspect of Tesla SolarGlass roof! Critical feedback is much appreciated.
2020-02-10T08:17:32.000Z,Midsection of Starship propellant tanks
2020-02-10T02:16:34.000Z,Foundation by Asimov
2020-02-10T02:12:52.000Z,"Mars is to Earth, as Terminus was to Trantor"
2020-02-09T22:33:26.000Z,"Hard to believe that is high efficiency solar power seamlessly integrated into beautiful roof tiles. Great work by SolarGlass engineering, Giga NY factory & Tesla installation teams!"
2020-02-09T22:30:56.000Z,Order at https://tesla.com/solarroof
2020-02-09T05:36:01.000Z,Back in Boca
2020-02-08T08:24:28.000Z,"My Mom wrote a book 
http://bit.ly/2KiWMGh"
2020-02-08T08:00:00.000Z,"feeling cute, might delete later"
2020-02-07T02:34:19.000Z,"SpaceX started with a mariachi band party. Great vibes here in Boca Chica, Texas!"
2020-02-06T19:03:25.000Z,Late night tweets … sigh
2020-02-06T18:36:31.000Z,New emoji! Last one comes with free phone hack.
2020-02-06T10:56:39.000Z,"What if there was an AI programmed to want to pick as many strawberries as possible, and so it cultivated nothing but strawberries on all of Earth’s land? Then it would be Strawberry Fields Forever!"
2020-02-06T09:35:31.000Z,REALiTi made while u wait
2020-02-06T09:35:31.000Z,REALiTi made while u wait
2020-02-06T09:15:22.000Z,"All things in moderation, especially etymology"
2020-02-06T09:09:06.000Z,Essentially all quotes can be ascribed to Churchill
2020-02-06T09:05:26.000Z,"No matter how many times u get hangry, you always think ur anger is real — Plato"
2020-02-06T07:55:15.000Z,Guess he’s not left-handed
2020-02-05T22:00:04.000Z,Putting that on my LinkedIn for sure
2020-02-05T21:59:10.000Z,"8th hottest song on Soundcloud!!
https://m.soundcloud.com/user-209448905/dont-doubt-ur-vibe…"
2020-02-05T18:30:52.000Z,Small satellite operators can now book their ride to orbit online → http://spacex.com/smallsat
2020-02-05T17:31:22.000Z,Please send your resume to BuildStarship@spacex.com if you’re coming to the Starship career day in Boca Chica tomorrow
2020-02-04T09:28:18.000Z,"This is mainly for staffing up 4 production shifts for 24/7 operations, but engineers, supervisors & support personnel are certainly needed too. A super hardcore work ethic, talent for building things, common sense & trustworthiness are required, the rest we can train."
2020-02-04T09:19:05.000Z,"Starship career day at the Stargate building (Boca Chica Blvd, TX) this Thursday from 3pm to 9pm!"
2020-02-04T00:13:15.000Z,Going max hardcore on design/production Starship here in Boca. It’s awesome! Feels a bit like a Mars simulator.
2020-02-03T05:34:13.000Z,"Nothing medically dangerous, but 5g is getting a bit too greedy with their spectrum land grab"
2020-02-03T04:07:01.000Z,"Our NN is initially in Python for rapid iteration, then converted to C++/C/raw metal driver code for speed (important!). Also, tons of C++/C engineers needed for vehicle control & entire rest of car. Educational background is irrelevant, but all must pass hardcore coding test."
2020-02-02T21:48:53.000Z,Tesla will hold a super fun AI party/hackathon at my house with the Tesla AI/autopilot team in about four weeks. Invitations going out soon.
2020-02-02T19:23:27.000Z,"We are (obviously) also looking for world-class chip designers to join our team, based in both Palo Alto & Austin"
2020-02-02T19:20:42.000Z,"Dojo, our training supercomputer, will be able to process vast amounts of video training data & efficiently run hypersparce arrays with a vast number of parameters, plenty of memory & ultra-high bandwidth between cores. More on this later."
2020-02-02T19:14:33.000Z,"Our custom 144 TOPS in-vehicle inference computer, where almost every TOP is useable & optimized for NN, far exceeds anything else in volume production, giving you the hardware you need to run sophisticated nets"
2020-02-02T19:01:13.000Z,"Tesla will soon have over a million connected vehicles worldwide with sensors & compute needed for full self-driving, which is orders of magnitude more than everyone else combined, giving you the best possible dataset to work with"
2020-02-02T18:54:54.000Z,"“At Tesla, using AI to solve self-driving isn’t just icing on the cake, it the cake” - @lexfridman 

Join AI at Tesla! It reports directly to me & we meet/email/text almost every day. My actions, not just words, show how critically I view (benign) AI."
2020-02-02T19:01:13.000Z,"Tesla will soon have over a million connected vehicles worldwide with sensors & compute needed for full self-driving, which is orders of magnitude more than everyone else combined, giving you the best possible dataset to work with"
2020-02-02T18:54:54.000Z,"“At Tesla, using AI to solve self-driving isn’t just icing on the cake, it the cake” - @lexfridman 

Join AI at Tesla! It reports directly to me & we meet/email/text almost every day. My actions, not just words, show how critically I view (benign) AI."
2020-02-01T00:17:58.000Z,Don’t Doubt ur Vibe now on Spotify
2020-01-31T03:35:01.000Z,"With great pleasure, we bring to you @ElonMusk's Story Part 2!!! 

Thank you Elon for sharing with us. 

We can't wait to do this again!"
2020-01-31T06:40:13.000Z,Vibbbe
2020-01-31T06:30:34.000Z,I wrote the lyrics & performed the vocals!!
2020-01-31T06:29:08.000Z,Be … cause … it’s … you
2020-01-31T06:20:03.000Z,Don’t Doubt ur Vibe
2020-01-31T05:01:20.000Z, this song is hard
2020-01-31T04:36:54.000Z,Hope you’re enjoying the simulation
2020-01-31T02:39:13.000Z,Be … cause … it’s … true
2020-01-31T00:20:21.000Z,Releasing soon on Emo G Records!
2020-01-30T20:41:37.000Z,Just wrote a song called “Don’t doubt yer vibe”
2020-01-29T16:52:54.000Z,"Veritical video might be a sin... so consider me a sinner  Is
 there such thing as too zoomed in?  here’s a preview of #Starlink-3 at 5000mm, 4K - 120 FPS. More to come  beautiful launch today!!! @SpaceX @elonmusk"
2020-01-29T19:08:09.000Z,A friend just sent me this excerpt from a Tesla blog I wrote 14 years ago
2020-01-29T14:51:47.000Z,Ms. Tree caught a fairing half – our third successful catch!
2020-01-29T19:08:09.000Z,A friend just sent me this excerpt from a Tesla blog I wrote 14 years ago
2020-01-29T14:51:47.000Z,Ms. Tree caught a fairing half – our third successful catch!
2020-01-29T14:16:00.000Z,Falcon 9’s first stage has landed on the Of Course I Still Love You droneship – our 49th successful landing of an orbital class booster
2020-01-29T14:07:33.000Z,Liftoff!
2020-01-29T03:51:38.000Z,Liquid nitrogen cryogenic strength test underway 
2020-01-28T19:34:43.000Z,Chairs are underappreciated
2020-01-28T05:30:00.000Z,The stars in Starship’s mirrored hull reflected
2020-01-28T00:00:01.000Z,"Who says Dragons aren’t real? 

Capture the excitement of a rocket launch and apply to tour @NASAKennedy and witness the next @SpaceX #Dragon capsule blast off to the @Space_Station on March 2. Hurry! Applications close Feb. 2 at 11:59pm ET: https://go.nasa.gov/38HMFE9"
2020-01-27T23:30:09.000Z,Starship 9m test tank made 7.5 bar at room temp! Small leak at a weld doubler. Will be repaired & retested at cryo.
2020-01-27T14:19:30.000Z,"Standing down today due to strong upper level winds. Next launch opportunity is tomorrow at 9:28 a.m. EST, or 14:28 UTC."
2020-01-26T21:01:12.000Z,"Weather is 50% favorable for tomorrow’s launch of 60 Starlink satellites at 9:49 a.m. EST, 14:49 UTC. Webcast will go live ~15 minutes before liftoff → http://spacex.com/webcast"
2020-01-25T21:02:53.000Z,"A Tesla works as a boat for short periods of time, as an electric car has no air intake or exhaust to block & battery/motor/electronics are water-sealed. Submarines are just underwater EVs. 
https://m.youtube.com/watch?v=cBYFo6fXPvU…"
2020-01-25T18:30:28.000Z,Meme necromancy
2020-01-22T07:15:20.000Z,Want to play The Witcher game on your Tesla? (you can already watch the show on Tesla Netflix theater)
2020-01-22T05:45:08.000Z,Improved Accommodations
2020-01-19T15:33:31.000Z,Dragon’s trunk has deployed
2020-01-19T15:32:26.000Z,Dragon has separated from Falcon 9 and its SuperDraco engines have completed their burn
2020-01-19T15:30:39.000Z,Liftoff!
2020-01-19T18:30:01.000Z,"Test complete! Today, @SpaceX completed its In-Flight Abort Test designed to show the #CrewDragon spacecraft’s capability to safely separate from the rocket in the unlikely event of an inflight emergency: https://go.nasa.gov/2tovKrz"
2020-01-19T15:23:36.000Z,"Today’s @SpaceX In-Flight Abort test, which does not have @NASA_Astronauts onboard the spacecraft, is intended to demonstrate #CrewDragon’s ability to reliably carry crew to safety in the unlikely event of an emergency on ascent. Watch: https://twitter.com/i/broadcasts/1lDGLozemrbKm…"
2020-01-19T15:27:06.000Z,"Dragon high altitude, supersonic abort test is a risky mission, as it’s pushing the envelope in so many ways"
2020-01-19T15:13:20.000Z,Watch live as SpaceX tests Crew Dragon’s in-flight launch escape capabilities
2020-01-19T15:24:32.000Z,5 mins from liftoff
2020-01-18T10:01:46.000Z,"Standing down from today’s in-flight Crew Dragon launch escape test attempt due to sustained winds and rough seas in the recovery area. Now targeting Sunday, January 19, with a six-hour test window opening at 8:00 a.m. EST, 13:00 UTC"
2020-01-18T11:16:12.000Z,".@NASA and @SpaceX are standing down from today’s #CrewDragon In-Flight Abort test due to poor splashdown and recovery weather.

The demonstration is now targeted for Sunday, Jan. 19. The six-hour launch window will open at 8am ET. https://go.nasa.gov/3alJMdP"
2020-01-18T00:19:08.000Z,Latest weather data suggests sustained winds and rough seas in the recovery area during the top of tomorrow’s four-hour launch escape test window; now targeting toward the end of the window. Will continue to monitor weather and update the T-0 accordingly in the morning
2020-01-17T22:10:12.000Z,Best place to view is from the beach. Excitement guaranteed!
2020-01-17T22:09:37.000Z,"Dragon Spacecraft supersonic abort test coming up either tomorrow or Sunday, depending on weather @NASA @SpaceX"
2020-01-17T18:05:32.000Z,"LIVE NOW: Hear from mission experts as they talk about @SpaceX's In-Flight Abort Test. The test will demonstrate #CrewDragon’s ability to safely escape the Falcon 9 rocket in the unlikely event of an emergency during launch.

Watch: https://nasa.gov/live. Ask ?s using #AskNASA"
2020-01-16T19:44:42.000Z,The Boring Company releases new images of Las Vegas project as tunnel nears 50% mark
2020-01-13T17:15:01.000Z,"Targeted for Sat., Jan. 18: the final major test before @NASA_Astronauts fly on the @SpaceX #CrewDragon. This @Commercial_Crew in-flight abort test will demo that the crew system can protect astronauts in the unlikely event of an emergency during launch: https://go.nasa.gov/2tZ0sqM"
2020-01-16T09:35:55.000Z,"Starship orbital vehicle SN1, liquid oxygen header tank & nosecone"
2020-01-15T20:05:31.000Z,".@SpaceX's uncrewed in-flight abort test is targeted for 8am ET on Jan. 18. This test will show that the #CrewDragon can protect astronauts even in the unlikely event of an emergency during launch.

Currently, weather is 90% GO for the demonstration. https://go.nasa.gov/370BZ32"
2020-01-14T18:23:23.000Z,Great song
2020-01-14T17:59:16.000Z,"T-shirt is bulletproof & makes u buff!
https://shop.tesla.com/en_ca/product/men_s-cybertruck-bulletproof-tee?sku=7654399-00-A…"
2020-01-12T08:30:15.000Z,"Just. Wow. 

Photo taken by @astro_luca outside the @Space_Station on his first #SpacewalkForAMS on 15 November 2019. It shows the Japanese #Kibo module (left) and the Station's solar arrays with Earth behind  http://esa.int/ESA_Multimedia/Images/2020/01/International_Space_Station_view…"
2020-01-12T08:16:07.000Z,"[WANTED!!!] 
Why not be the ‘first woman’ to travel to the moon?
#MZ_looking_for_love
https://mz.abema.tv/en.html"
2020-01-12T03:24:43.000Z,"And, of course, your car will be able to  in their general direction"
2020-01-12T03:20:41.000Z,Teslas will soon talk to people if you want. This is real.
2020-01-11T23:55:38.000Z,Critical test launch before flying astronauts is green for Jan 18
2020-01-11T15:30:02.000Z,We are trapped in a prison of fonts
2020-01-10T09:57:08.000Z, Toss a coin to ur Witcher 
2020-01-10T07:19:46.000Z,Phony
2020-01-10T06:53:10.000Z,Bitcoin is *not* my safe word
2020-01-09T10:04:44.000Z,I put the art in fart
2020-01-08T17:05:30.000Z," Tesla China Team 
     Such amazing progress!!"
2020-01-07T09:37:34.000Z,Successful deployment of 60 Starlink satellites confirmed!
2020-01-07T02:29:27.000Z,Falcon 9 first stage has landed on the Of Course I Still Love You droneship – SpaceX’s 48th successful landing of an orbital class rocket booster
2020-01-01T06:50:06.000Z,Congratulations Tesla & SpaceX on great 2019! You rock!! Looking forward to epic 2020 
2020-01-01T06:33:47.000Z,No one suspected his disguise
2019-12-31T16:01:03.000Z,Tesla Model S gets another 'Car of the Decade' Award: 'Nothing Else Comes Close'
2019-12-30T23:27:10.000Z,Rest in peace Syd Mead. Your art will endure.
2019-12-30T09:18:31.000Z,Barrel on dome
2019-12-30T06:17:24.000Z,Almost three now. Boca team is crushing it! Starship has giant dome 
2019-12-30T03:45:55.000Z,Simulation of first crewed flight of Falcon 9 / Dragon 2020 @NASA
2019-12-30T03:25:48.000Z,"8 years later, the simulation is mostly real"
2019-12-29T22:46:21.000Z,Dam now rly want choc chip muffin
2019-12-28T04:13:38.000Z,"These would be road tunnels for zero emissions vehicles only — no toxic fumes is the key. Really, just an underground road, but limited to EVs (from all auto companies). This is not in place of other solutions, eg light rail, but supplemental to them."
2019-12-28T04:06:37.000Z,"Build super safe, Earthquake-proof tunnels under cities to solve traffic"
2019-12-27T19:50:28.000Z,Was up all night with SpaceX team working on Starship tank dome production (most difficult part of primary structure). Dawn arrives …
2019-12-24T15:02:56.000Z,"Happy Holidays via OTA!

Awesome first look at Tesla's (2019.40.50) software update in action, by @tesla_raj : Text messaging support, voice commands, and more"
2019-12-24T17:52:26.000Z,"Trans-Canada Supercharger route from Vancouver to Halifax is now open! 
Over half the locations are V3 for the fastest charging speeds."
2019-12-23T19:59:00.000Z,Yesterday the team completed the 10th successful multi-chute test in a row of Crew Dragon’s upgraded Mark 3 parachute design – one step closer to safely launching and landing @NASA astronauts
2019-12-23T21:02:18.000Z,stock art
2019-12-23T16:02:59.000Z,Whoa … the stock is so high lol
2019-12-22T19:25:55.000Z,"If Tesla & SpaceX go bankrupt, so will I. As it should be."
2019-12-22T19:24:26.000Z,"Just looked at my wiki for 1st time in years. It’s insane! Btw, can someone please delete “investor”. I do basically zero investing."
2019-12-22T09:23:18.000Z,Pre VFX cut would be $$$$
2019-12-22T00:48:07.000Z,The real reason for Looper was to travel back in time & stop a terrible calamity — the premiere of Cats!
2019-12-21T22:39:52.000Z,Great show 
2019-12-21T21:52:22.000Z,Holiday gift ideas
2019-12-20T03:28:05.000Z,"Tesla holiday software update has FSD sneak preview, Stardew Valley, Lost Backgammon & a few other things"
2019-12-19T08:44:18.000Z,You don’t hear much about element 43
2019-12-19T08:20:35.000Z,This mode will show pic of moth & play the smiths
2019-12-19T08:05:09.000Z,Tesla Moth Mode (better late than never)
2019-12-18T21:41:16.000Z,"Never trust cynics, as they excuse their own bad deeds by telling themselves everyone does it"
2019-12-17T00:00:44.000Z,"About 45 minutes after liftoff, Ms. Tree and Ms. Chief will attempt to catch the fairing halves"
2019-12-16T23:57:34.000Z,Webcast of Falcon 9 launch now live
2019-12-13T09:15:10.000Z,Baby Yoda 
2019-12-12T21:00:15.000Z,"Games only render what you look at when you look at it, as the compute load would otherwise be impossibly high. Until observed, objects are a probability function, aka quantum mechanics. https://en.m.wikipedia.org/wiki/Schrödinger%27s_cat…"
2019-12-12T19:47:29.000Z,smol ∩ puppy ∩ math
2019-12-12T18:35:41.000Z,Meant to say “is render speed”. Frame rate is locked.
2019-12-12T08:22:30.000Z,Way too many paywalls & spawn points
2019-12-12T07:55:58.000Z,Just Read the Instructions
2019-12-12T07:45:41.000Z,"If life is a video game, the graphics are great, but the plot is confusing & the tutorial is way too long"
2019-12-12T07:32:58.000Z,Root of energy to mass ratio is max render speed of the simulation
2019-12-12T07:09:36.000Z,Math jokes have a small audience
2019-12-12T07:05:36.000Z,Kids these days have no respect!
2019-12-11T17:15:13.000Z,"The Edmunds 2020 #TopRated best EV of the year is the @Tesla Model 3.

The Model 3 is unlike any other vehicle on sale, electric or ICE. Its features, technology, price and driving dynamics make it an impossible force to ignore. https://edmu.in/TopRated"
2019-12-09T18:15:05.000Z,Tesla's Virtual Power Plant rescues grid after coal peaker fails despite being only 2% complete
2019-12-08T10:09:28.000Z,"Capture confirmed! After 19 flights to the @space_station, Dragon has now delivered over 95,000 pounds of critical supplies to the orbiting laboratory"
2019-12-07T23:56:40.000Z,Huge thanks to everyone who contributed ideas to Cybertruck. It’s better because of you! 
2019-12-07T20:55:20.000Z,Falcon 9 lands on the Of Course I Still Love You droneship after delivering Dragon to orbit
2019-12-05T17:43:03.000Z,"Dragon’s solar arrays have deployed, and it’s on its way to the International Space Station. Capture by the @Space_Station crew set for early Sunday"
2019-12-05T17:30:40.000Z,Liftoff!
2019-12-05T17:14:55.000Z,Webcast of Falcon 9 launch now live
2019-12-05T14:27:51.000Z,"Falcon 9 launch of Dragon targeted for 12:29 p.m. EST, 17:29 UTC. Winds are looking better ahead of today’s attempt → http://spacex.com/webcast"
2019-12-05T16:59:11.000Z,T-30 minutes until Falcon 9 launch of Dragon. Weather is over 90% favorable for today’s launch attempt → http://spacex.com/webcast
2019-12-04T17:12:37.000Z,"Standing down today due to upper altitude winds and high winds at sea creating dynamic conditions around the Of Course I Still Love You droneship – next launch opportunity is tomorrow at 12:29 p.m. EST, 17:29 UTC"
2019-12-04T17:32:31.000Z,Model X just earned 5 stars from Euro NCAP in safety testing
2019-12-04T12:25:57.000Z,"Falcon 9 and Dragon are vertical ahead of today’s resupply mission to the @Space_Station. Launch is targeted for 12:51 p.m. EST, 17:51 UTC → http://spacex.com/webcast"
2019-12-03T18:00:01.000Z,"The @SpaceX Falcon 9 & Dragon are preparing for a Dec. 4 launch on a resupply mission to @Space_Station. Today, watch NASA TV for a status update & learn about science and cargo on board: https://nasa.gov/press-release/nasa-to-broadcast-next-space-station-resupply-launch-prelaunch-activities-4…
1:30pm ET: Science briefing
4pm ET: Prelaunch news conference"
2019-12-04T02:45:24.000Z,Launching third flight of this Dragon spacecraft to @Space_Station tomorrow
2019-12-02T23:30:46.000Z,"On November 21, 2019, @elonmusk unveiled what is largely considered to be the greatest evolution in vehicular fashion & function. 

What is this Cybertruck everyone’s talking about, you may wonder? Well, here’s a quick introduction!
As promised — Cybertruck spec ad  @Tesla"
2019-12-02T23:18:08.000Z,"People often think they’re breathing oxygen, but are actually breathing nitrogen (78%) with a side serving of oxygen (21%) in argon sauce (1%), spiced up with CO2, H2O & a dash of neon & krypton (etc.)"
2019-12-02T20:45:14.000Z,"Hydrogen is a light, odorless gas, which, given enough time, turns into people who will make this statement"
2019-12-01T09:05:11.000Z,It’s artificial
2019-12-01T08:48:16.000Z,Do you like our owl?
2019-12-01T02:31:01.000Z,"Next week, a #Dragon will race into the sky to deliver tons of cargo and supplies to the @Space_Station!

Find out how to watch our live coverage of this @SpaceX mission, including:
 A prelaunch update on Dec. 3
 Liftoff on Dec. 4
 Arrival on Dec. 7

https://go.nasa.gov/2Drw1Lw"
2019-11-27T16:15:35.000Z,"This one is deep.
Happy Thanksgiving!"
2019-11-25T22:19:38.000Z,Bring it on
2019-11-24T23:52:26.000Z,Cybertruck pulls F-150 uphill
2019-11-24T23:00:07.000Z,"Each second, 1.5 million tons of solar material shoot off the Sun into space. The magnetosphere shields Earth, but the solar wind can get in near the poles and disrupt satellite, radio & GPS signals. 3 new missions aim to improve this technology problem: https://go.nasa.gov/2D7pIfZ"
2019-11-24T22:02:01.000Z,"Cybertruck is our last product unveil for a while, but there will be some (mostly) unexpected technology announcements next year"
2019-11-24T20:51:45.000Z, Study the Blade!! 
2019-11-24T20:33:35.000Z,"Even bending it requires a deep score on inside of bend, which is how the prototype was made"
2019-11-24T20:31:06.000Z,"Reason Cybertruck is so planar is that you can’t stamp ultra-hard 30X steel, because it breaks the stamping press"
2019-11-24T20:24:48.000Z,Excellent review by Marques!
2019-11-23T21:07:01.000Z,With no advertising & no paid endorsement
2019-11-23T20:54:54.000Z,"146k Cybertruck orders so far, with 42% choosing dual, 41% tri & 17% single motor"
2019-11-23T04:23:39.000Z,Riding in the Cybertruck
2019-11-23T04:07:57.000Z,Franz throws steel ball at Cybertruck window right before launch. Guess we have some improvements to make before production haha.
2019-11-23T03:58:27.000Z, Syd Mead 
2019-11-22T21:13:36.000Z,"Better truck than an F-150, faster than a Porsche 911. Order Cybertruck online at"
2019-11-22T04:22:54.000Z,The MotorTrend team visited @Tesla twice during the development of #Cybertruck. Six exclusive stories and five videos at http://motortrend.com/cybertruck
2019-11-22T04:48:28.000Z,Gonna tell my kids this is Knight Rider. #Cybertruck
2019-11-22T04:39:56.000Z,"@Tesla Oh. My. God. The Tesla Cyber Truck 
Credit @MyTeslaAdventur"
2019-11-22T02:06:51.000Z,"Cybertruck Unveil livestream starts at 8pm 
http://livestream.tesla.com"
2019-11-21T22:12:28.000Z,Cybertruck design influenced partly by The Spy Who Loved Me
2019-11-21T21:26:45.000Z,Tesla Cybertruck (pressurized edition) will be official truck of Mars
2019-11-21T20:26:39.000Z,"Cybertruck Unveil starts at 8

Stay tuned for livestream"
2019-11-21T16:08:59.000Z,Long journey
2019-11-21T16:03:05.000Z,Tonight
2019-11-19T17:37:52.000Z,"National Science Foundation, u should add a W to ur name. Would get way more clicks. Ur welcome."
2019-11-19T17:09:44.000Z,78% of people want to gentrify Mordor
2019-11-16T00:52:02.000Z,Cybertruck unveil Thursday night
2019-11-15T19:02:17.000Z,Innovation comes in many ways
2019-11-13T22:33:59.000Z,Full duration static fire test of Crew Dragon’s launch escape system complete – SpaceX and NASA teams are now reviewing test data and working toward an in-flight demonstration of Crew Dragon’s launch escape capabilities
2019-11-13T17:18:42.000Z,"The pale blue dot and beyond... Thank you to @elonmusk and the SpaceX, Tesla, Neuralink teams for making the world dream. Full conversation: https://youtube.com/watch?v=smK9dgdTl40…"
2019-11-12T18:09:47.000Z,"Again we see Model 3 satisfaction through the roof. Almost 99% of owners say they’d recommend it to friends and family, and that’s a huge part of how Tesla has grown so quickly. Every person I interviewed told me about taking friends for test drives 6/ https://bloomberg.com/graphics/2019-tesla-model-3-survey/market-evolution.html#intro…"
2019-11-13T02:36:20.000Z,Congrats to Tesla team on Model 3 winning best midsize car in Germany! 
2019-11-11T15:01:27.000Z,Fairing has deployed—second time for this particular fairing
2019-11-11T14:57:19.000Z,Liftoff!
2019-11-11T00:31:19.000Z,"Team is go for launch of 60 Starlink sats tomorrow—heaviest payload to date, first re-flight of a fairing, and first Falcon 9 to fly a fourth mission. Watching 1 sat that may not orbit raise; if not, 100% of its components will quickly burn up in Earth’s atmosphere"
2019-11-11T00:01:13.000Z,Starlink vertical on the pad
2019-11-08T03:53:10.000Z,2020 Tesla Model 3 beats Hyundai IONIQ to become most efficient EV produced https://electrek.co/2019/11/07/2020-tesla-model-3/… by @llsethj
2019-11-08T01:53:33.000Z,2020 Tesla Model 3 beats Hyundai IONIQ to become most efficient EV produced https://electrek.co/2019/11/07/2020-tesla-model-3/… by @llsethj
2019-11-07T15:21:00.000Z,"Tencent Auto Editor in chief 常岩is the first one in  to test drive China-made #Model3. As a model 3 owner himself (delivered back in March), he has a lot to say about the good qualities of his test vehicle. It handles well, smooth, quick, and noticeably quiet. He is impressed."
2019-11-07T19:42:09.000Z,Extremism is so fun! (@waitbutwhy)
2019-11-07T17:01:23.000Z,Tesla receives top scores in Moody’s Carbon Transition Assessment
2019-11-06T16:31:02.000Z,The date is strangely familiar …
2019-11-06T16:15:32.000Z,Cybertruck unveil on Nov 21 in LA near SpaceX rocket factory
2019-11-05T18:08:28.000Z,The fairing supporting this mission previously flew on Falcon Heavy’s Arabsat-6A mission
2019-11-05T18:08:05.000Z,Static fire test of Falcon 9 complete—targeting 11/11 for launch of 60 Starlink satellites from Pad 40 in Florida
2019-11-04T21:59:28.000Z,"Great work by SpaceX Dragon team & Airborne! To be clear, we’ve only done 1 multi-parachute test of Mk3 design, so 9 more left to reach 10 successful tests in a row."
2019-11-01T02:34:49.000Z,"Tesla Solarglass vs  
Happy Halloween!!"
2019-10-30T02:05:30.000Z,"Soon, SpaceX will launch @NASA astronauts to @Space_Station!"
2019-10-30T01:15:44.000Z,Just a reminder that the Tesla Full Self-Driving option goes up by $1000 at midnight on Nov 1 for all regions that have Smart Summon. Order your car online at http://tesla.com.
2019-10-30T00:55:09.000Z,"“I always like going South; somehow, it feels like going downhill.”"
2019-10-30T00:46:57.000Z,For Treebeard
2019-10-29T11:09:23.000Z,"As one owner said, “Quality is measured in different ways.” Notwithstanding initial flaws, they raved about their cars. A near-unanimous 99.6% of respondents said the Model 3 is a pleasure to drive. It’s hard to find such consensus over anything really https://bloomberg.com/graphics/2019-tesla-model-3-survey/… 5/"
2019-10-28T18:46:09.000Z,"Unfortunately, it’s hard to google Tesla solar links due to tons of ads & SEO. Go to http://tesla.com/solar to add solar to an existing roof & http://Tesla.com/solarglass for a new roof with integrated solar."
2019-10-28T18:10:47.000Z,"We don’t make much money on this product, so $1000 actually means a lot"
2019-10-28T18:09:19.000Z,"If you’re directly affected by wildfire power outages, Tesla is reducing Solar+Powerwall prices by $1000 as of today"
2019-10-28T18:04:13.000Z,"Apologies to those waiting for Solar/Powerwall outside California, as we are prioritizing those affected by wildfires"
2019-10-28T16:58:37.000Z,"Homes with solar sell for 4.1% more, according to Zillow. Adding a Powerwall battery is highly likely to increase home value too imo, as security against blackouts is increasingly important. 
https://zillow.com/research/solar-panels-house-sell-more-23798/amp/?__twitter_impression=true…"
2019-10-28T15:53:02.000Z,"US clean energy incentive drops by 4% on Jan 1, so orders must be received by roughly Nov 15 to be installed in time"
2019-10-28T15:49:23.000Z,Tesla Solar plus Powerwall battery backup for 24/7 clean energy & no blackouts at http://Tesla.com/solar
2019-10-27T22:24:16.000Z,Took my son to play piano for the seniors home in Pasadena. It was lovely to see them smile 
2019-10-27T16:15:51.000Z,"This day nine years ago Tesla opened its factory in Fremont. Tesla started production with 1,000 workers. Today, more than 10,000 employees work at the Fremont factory. Here is @elonmusk inaugurating the factory https://vimeo.com/16320447 such a crazy ride! #fremontBirthday"
2019-10-26T22:14:15.000Z,Sandwich time travel is the only explanation
2019-10-26T20:33:31.000Z,Physics facts
2019-10-25T21:23:39.000Z,Tesla Solarglass roof
2019-10-25T20:10:44.000Z,Srsly
2019-10-25T19:34:11.000Z,"Maybe call Tesla solar roof tiles product Solarglass? Like Dragonglass, but solar!"
2019-10-25T18:31:12.000Z,Submit questions for our Solar Roof Q&A ahead of our 2pm launch:
2019-10-25T18:31:12.000Z,Submit questions for our Solar Roof Q&A ahead of our 2pm launch:
2019-10-24T22:00:47.000Z,Test of Crew Dragon’s upgraded launch escape system ahead of static fire and in-flight abort tests – altogether we are conducting hundreds of tests to verify the system's advanced capabilities to carry astronauts to safety in the unlikely event of an emergency
2019-10-24T22:32:44.000Z,"To be clear, integrated solar tiles only make financial sense for new houses or replacement roofs. If your roof is more than 5 years away from replacement, solar retrofit is recommended http://Tesla.com/solar"
2019-10-24T22:28:17.000Z,California time
2019-10-24T22:04:27.000Z,Will do an open call Q&A
2019-10-24T21:57:20.000Z,Tesla Solar Tile Roof V3 launch tomorrow at 2pm
2019-10-24T02:21:11.000Z,But actually …
2019-10-23T21:13:35.000Z,Super proud of Tesla team for great execution & support of Tesla customers greatly appreciated!!
2019-10-23T21:09:18.000Z,"Tesla Q3 results:

- Shanghai Giga ahead of schedule
- Model Y ahead of schedule
- Solar installs +48% from Q2
- GAAP profitable
- Positive free cash flow"
2019-10-22T09:56:05.000Z,The CRISPR genome-editing technique that's revolutionising biology just got a major upgrade http://bit.ly/2BDmqAd
